Wavelength,Intensity,ROI,Frame,Row,Column
436.38393128615979,30490,1,1,0,1
436.64451875321373,30665,1,1,0,2
436.9051044343957,30579,1,1,0,3
437.16568832851578,30607,1,1,0,4
437.42627043438455,30651,1,1,0,5
437.6868507508122,30613,1,1,0,6
437.94742927660911,30606,1,1,0,7
438.20800601058585,30618,1,1,0,8
438.46858095155261,30622,1,1,0,9
438.72915409832024,30568,1,1,0,10
438.98972544969905,30610,1,1,0,11
439.25029500449955,30648,1,1,0,12
439.51086276153262,30579,1,1,0,13
439.77142871960842,30631,1,1,0,14
440.03199287753813,30593,1,1,0,15
440.29255523413241,30564,1,1,0,16
440.55311578820175,30640,1,1,0,17
440.81367453855705,30581,1,1,0,18
441.07423148400932,30677,1,1,0,19
441.33478662336921,30678,1,1,0,20
441.59533995544768,30630,1,1,0,21
441.85589147905586,30592,1,1,0,22
442.11644119300445,30630,1,1,0,23
442.37698909610464,30616,1,1,0,24
442.63753518716743,30557,1,1,0,25
442.89807946500383,30601,1,1,0,26
443.15862192842525,30491,1,1,0,27
443.41916257624268,30633,1,1,0,28
443.67970140726726,30634,1,1,0,29
443.94023842031027,30586,1,1,0,30
444.20077361418305,30605,1,1,0,31
444.4613069876969,30607,1,1,0,32
444.72183853966334,30598,1,1,0,33
444.98236826889354,30610,1,1,0,34
445.2428961741989,30598,1,1,0,35
445.50342225439107,30638,1,1,0,36
445.76394650828155,30625,1,1,0,37
446.02446893468181,30608,1,1,0,38
446.28498953240347,30661,1,1,0,39
446.54550830025795,30592,1,1,0,40
446.80602523705733,30603,1,1,0,41
447.066540341613,30646,1,1,0,42
447.32705361273673,30587,1,1,0,43
447.58756504924042,30594,1,1,0,44
447.84807464993582,30652,1,1,0,45
448.10858241363479,30571,1,1,0,46
448.36908833914919,30574,1,1,0,47
448.629592425291,30619,1,1,0,48
448.89009467087214,30578,1,1,0,49
449.15059507470454,30600,1,1,0,50
449.41109363560042,30616,1,1,0,51
449.67159035237171,30618,1,1,0,52
449.93208522383071,30589,1,1,0,53
450.1925782487894,30558,1,1,0,54
450.4530694260601,30595,1,1,0,55
450.71355875445482,30607,1,1,0,56
450.97404623278624,30528,1,1,0,57
451.23453185986625,30584,1,1,0,58
451.49501563450758,30601,1,1,0,59
451.75549755552237,30594,1,1,0,60
452.015977621723,30629,1,1,0,61
452.276455831922,30627,1,1,0,62
452.53693218493208,30612,1,1,0,63
452.79740667956565,30568,1,1,0,64
453.05787931463504,30633,1,1,0,65
453.31835008895337,30617,1,1,0,66
453.57881900133282,30641,1,1,0,67
453.83928605058645,30607,1,1,0,68
454.0997512355267,30576,1,1,0,69
454.36021455496655,30631,1,1,0,70
454.62067600771871,30589,1,1,0,71
454.88113559259608,30536,1,1,0,72
455.14159330841181,30598,1,1,0,73
455.40204915397823,30568,1,1,0,74
455.66250312810877,30582,1,1,0,75
455.92295522961643,30610,1,1,0,76
456.18340545731394,30579,1,1,0,77
456.44385381001484,30618,1,1,0,78
456.70430028653175,30528,1,1,0,79
456.96474488567833,30635,1,1,0,80
457.22518760626747,30592,1,1,0,81
457.4856284471125,30606,1,1,0,82
457.74606740702671,30541,1,1,0,83
458.00650448482332,30631,1,1,0,84
458.2669396793159,30586,1,1,0,85
458.52737298931766,30542,1,1,0,86
458.78780441364216,30609,1,1,0,87
459.0482339511027,30565,1,1,0,88
459.30866160051312,30580,1,1,0,89
459.56908736068669,30603,1,1,0,90
459.82951123043711,30521,1,1,0,91
460.08993320857803,30599,1,1,0,92
460.35035329392315,30559,1,1,0,93
460.610771485286,30594,1,1,0,94
460.87118778148067,30593,1,1,0,95
461.13160218132055,30570,1,1,0,96
461.39201468361983,30548,1,1,0,97
461.65242528719222,30561,1,1,0,98
461.91283399085154,30534,1,1,0,99
462.173240793412,30581,1,1,0,100
462.43364569368737,30657,1,1,0,101
462.69404869049174,30551,1,1,0,102
462.95444978263924,30563,1,1,0,103
463.21484896894378,30642,1,1,0,104
463.47524624821983,30548,1,1,0,105
463.73564161928147,30633,1,1,0,106
463.99603508094276,30559,1,1,0,107
464.256426632018,30584,1,1,0,108
464.51681627132166,30610,1,1,0,109
464.77720399766804,30557,1,1,0,110
465.03758980987141,30573,1,1,0,111
465.29797370674635,30558,1,1,0,112
465.55835568710739,30564,1,1,0,113
465.81873574976868,30548,1,1,0,114
466.07911389354518,30585,1,1,0,115
466.33949011725122,30596,1,1,0,116
466.59986441970153,30532,1,1,0,117
466.86023679971072,30550,1,1,0,118
467.12060725609371,30559,1,1,0,119
467.38097578766497,30618,1,1,0,120
467.64134239323926,30601,1,1,0,121
467.90170707163173,30603,1,1,0,122
468.1620698216571,30632,1,1,0,123
468.42243064213011,30566,1,1,0,124
468.68278953186592,30646,1,1,0,125
468.94314648967946,30607,1,1,0,126
469.20350151438578,30532,1,1,0,127
469.46385460479979,30603,1,1,0,128
469.72420575973683,30590,1,1,0,129
469.98455497801189,30609,1,1,0,130
470.24490225844033,30572,1,1,0,131
470.50524759983716,30531,1,1,0,132
470.76559100101781,30591,1,1,0,133
471.02593246079766,30596,1,1,0,134
471.28627197799176,30591,1,1,0,135
471.54660955141583,30593,1,1,0,136
471.80694517988519,30541,1,1,0,137
472.06727886221529,30552,1,1,0,138
472.32761059722168,30581,1,1,0,139
472.58794038371985,30594,1,1,0,140
472.84826822052543,30520,1,1,0,141
473.10859410645412,30571,1,1,0,142
473.3689180403216,30610,1,1,0,143
473.62924002094348,30540,1,1,0,144
473.88956004713555,30626,1,1,0,145
474.14987811771368,30605,1,1,0,146
474.41019423149362,30594,1,1,0,147
474.67050838729136,30590,1,1,0,148
474.93082058392287,30654,1,1,0,149
475.19113082020385,30596,1,1,0,150
475.45143909495056,30591,1,1,0,151
475.71174540697911,30550,1,1,0,152
475.97204975510522,30556,1,1,0,153
476.2323521381453,30604,1,1,0,154
476.49265255491542,30545,1,1,0,155
476.752951004232,30592,1,1,0,156
477.01324748491095,30582,1,1,0,157
477.27354199576877,30565,1,1,0,158
477.53383453562179,30556,1,1,0,159
477.79412510328638,30568,1,1,0,160
478.05441369757881,30579,1,1,0,161
478.31470031731578,30548,1,1,0,162
478.57498496131359,30593,1,1,0,163
478.835267628389,30543,1,1,0,164
479.09554831735824,30630,1,1,0,165
479.35582702703829,30584,1,1,0,166
479.61610375624565,30598,1,1,0,167
479.876378503797,30627,1,1,0,168
480.13665126850924,30569,1,1,0,169
480.39692204919891,30572,1,1,0,170
480.65719084468321,30584,1,1,0,171
480.91745765377846,30575,1,1,0,172
481.17772247530212,30585,1,1,0,173
481.43798530807084,30613,1,1,0,174
481.69824615090175,30623,1,1,0,175
481.95850500261179,30575,1,1,0,176
482.21876186201814,30603,1,1,0,177
482.47901672793779,30521,1,1,0,178
482.73926959918811,30608,1,1,0,179
482.99952047458612,30581,1,1,0,180
483.25976935294904,30553,1,1,0,181
483.52001623309428,30606,1,1,0,182
483.78026111383912,30611,1,1,0,183
484.040503994001,30577,1,1,0,184
484.30074487239733,30595,1,1,0,185
484.56098374784534,30569,1,1,0,186
484.82122061916289,30592,1,1,0,187
485.08145548516717,30554,1,1,0,188
485.34168834467607,30574,1,1,0,189
485.60191919650686,30580,1,1,0,190
485.86214803947752,30598,1,1,0,191
486.12237487240566,30564,1,1,0,192
486.38259969410905,30621,1,1,0,193
486.6428225034054,30568,1,1,0,194
486.90304329911265,30564,1,1,0,195
487.16326208004858,30625,1,1,0,196
487.423478845031,30593,1,1,0,197
487.68369359287823,30607,1,1,0,198
487.94390632240794,30589,1,1,0,199
488.20411703243826,30548,1,1,0,200
488.46432572178747,30536,1,1,0,201
488.72453238927335,30553,1,1,0,202
488.98473703371445,30635,1,1,0,203
489.24493965392867,30592,1,1,0,204
489.50514024873439,30523,1,1,0,205
489.76533881695,30557,1,1,0,206
490.02553535739366,30583,1,1,0,207
490.28572986888389,30596,1,1,0,208
490.545922350239,30616,1,1,0,209
490.80611280027767,30616,1,1,0,210
491.06630121781814,30624,1,1,0,211
491.32648760167905,30593,1,1,0,212
491.58667195067915,30580,1,1,0,213
491.84685426363694,30586,1,1,0,214
492.10703453937117,30618,1,1,0,215
492.36721277670051,30613,1,1,0,216
492.6273889744437,30640,1,1,0,217
492.8875631314196,30608,1,1,0,218
493.14773524644704,30499,1,1,0,219
493.40790531834489,30593,1,1,0,220
493.66807334593221,30541,1,1,0,221
493.92823932802781,30591,1,1,0,222
494.18840326345094,30596,1,1,0,223
494.44856515102049,30608,1,1,0,224
494.70872498955555,30643,1,1,0,225
494.96888277787525,30613,1,1,0,226
495.22903851479884,30644,1,1,0,227
495.48919219914586,30615,1,1,0,228
495.74934382973515,30597,1,1,0,229
496.00949340538614,30501,1,1,0,230
496.26964092491829,30622,1,1,0,231
496.529786387151,30651,1,1,0,232
496.78992979090361,30633,1,1,0,233
497.05007113499585,30629,1,1,0,234
497.3102104182471,30580,1,1,0,235
497.57034763947684,30605,1,1,0,236
497.83048279750489,30592,1,1,0,237
498.09061589115078,30634,1,1,0,238
498.35074691923444,30631,1,1,0,239
498.61087588057529,30615,1,1,0,240
498.87100277399344,30613,1,1,0,241
499.13112759830858,30578,1,1,0,242
499.39125035234059,30616,1,1,0,243
499.6513710349094,30593,1,1,0,244
499.91148964483517,30554,1,1,0,245
500.1716061809376,30580,1,1,0,246
500.43172064203696,30555,1,1,0,247
500.6918330269533,30601,1,1,0,248
500.95194333450667,30600,1,1,0,249
501.2120515635176,30576,1,1,0,250
501.47215771280594,30621,1,1,0,251
501.73226178119211,30582,1,1,0,252
501.9923637674965,30649,1,1,0,253
502.25246367053938,30658,1,1,0,254
502.51256148914121,30616,1,1,0,255
502.77265722212235,30629,1,1,0,256
503.03275086830342,30584,1,1,0,257
503.29284242650488,30586,1,1,0,258
503.55293189554737,30602,1,1,0,259
503.81301927425147,30606,1,1,0,260
504.07310456143796,30627,1,1,0,261
504.33318775592738,30563,1,1,0,262
504.59326885654059,30579,1,1,0,263
504.85334786209842,30524,1,1,0,264
505.11342477142159,30594,1,1,0,265
505.37349958333118,30607,1,1,0,266
505.633572296648,30543,1,1,0,267
505.893642910193,30581,1,1,0,268
506.15371142278741,30509,1,1,0,269
506.413777833252,30575,1,1,0,270
506.673842140408,30598,1,1,0,271
506.93390434307673,30585,1,1,0,272
507.19396444007918,30617,1,1,0,273
507.45402243023665,30539,1,1,0,274
507.71407831237053,30623,1,1,0,275
507.9741320853019,30673,1,1,0,276
508.23418374785251,30616,1,1,0,277
508.49423329884348,30618,1,1,0,278
508.75428073709634,30603,1,1,0,279
509.01432606143266,30611,1,1,0,280
509.274369270674,30593,1,1,0,281
509.534410363642,30612,1,1,0,282
509.794449339158,30655,1,1,0,283
510.05448619604414,30634,1,1,0,284
510.3145209331218,30584,1,1,0,285
510.574553549213,30566,1,1,0,286
510.83458404313933,30614,1,1,0,287
511.09461241372281,30565,1,1,0,288
511.35463865978534,30591,1,1,0,289
511.61466278014888,30585,1,1,0,290
511.87468477363535,30593,1,1,0,291
512.13470463906685,30654,1,1,0,292
512.39472237526547,30594,1,1,0,293
512.65473798105336,30624,1,1,0,294
512.9147514552526,30662,1,1,0,295
513.17476279668551,30635,1,1,0,296
513.43477200417431,30598,1,1,0,297
513.69477907654152,30608,1,1,0,298
513.95478401260914,30611,1,1,0,299
514.21478681119993,30599,1,1,0,300
514.474787471136,30578,1,1,0,301
514.73478599124,30608,1,1,0,302
514.99478237033452,30571,1,1,0,303
515.25477660724209,30588,1,1,0,304
515.51476870078523,30590,1,1,0,305
515.7747586497868,30562,1,1,0,306
516.03474645306949,30596,1,1,0,307
516.294732109456,30552,1,1,0,308
516.55471561776915,30611,1,1,0,309
516.81469697683167,30593,1,1,0,310
517.07467618546673,30557,1,1,0,311
517.33465324249721,30626,1,1,0,312
517.59462814674589,30587,1,1,0,313
517.854600897036,30579,1,1,0,314
518.11457149219041,30647,1,1,0,315
518.37453993103236,30654,1,1,0,316
518.63450621238508,30613,1,1,0,317
518.8944703350719,30567,1,1,0,318
519.15443229791583,30595,1,1,0,319
519.41439209974033,30589,1,1,0,320
519.67434973936861,30675,1,1,0,321
519.93430521562414,30608,1,1,0,322
520.19425852733036,30601,1,1,0,323
520.45420967331086,30630,1,1,0,324
520.71415865238907,30571,1,1,0,325
520.97410546338858,30580,1,1,0,326
521.23405010513306,30609,1,1,0,327
521.49399257644609,30592,1,1,0,328
521.75393287615145,30654,1,1,0,329
522.01387100307284,30584,1,1,0,330
522.27380695603415,30654,1,1,0,331
522.53374073385919,30613,1,1,0,332
522.793672335372,30564,1,1,0,333
523.0536017593962,30666,1,1,0,334
523.313529004756,30634,1,1,0,335
523.57345407027549,30653,1,1,0,336
523.8333769547786,30580,1,1,0,337
524.09329765708958,30655,1,1,0,338
524.35321617603267,30617,1,1,0,339
524.6131325104318,30638,1,1,0,340
524.87304665911142,30691,1,1,0,341
525.13295862089592,30608,1,1,0,342
525.39286839460954,30630,1,1,0,343
525.65277597907664,30609,1,1,0,344
525.91268137312193,30558,1,1,0,345
526.17258457556954,30614,1,1,0,346
526.43248558524431,30577,1,1,0,347
526.69238440097047,30634,1,1,0,348
526.95228102157319,30602,1,1,0,349
527.21217544587671,30591,1,1,0,350
527.472067672706,30577,1,1,0,351
527.73195770088557,30593,1,1,0,352
527.99184552924055,30618,1,1,0,353
528.25173115659561,30611,1,1,0,354
528.51161458177569,30619,1,1,0,355
528.77149580360583,30581,1,1,0,356
529.031374820911,30601,1,1,0,357
529.29125163251615,30655,1,1,0,358
529.55112623724642,30639,1,1,0,359
529.810998633927,30613,1,1,0,360
530.07086882138321,30620,1,1,0,361
530.33073679844,30626,1,1,0,362
530.59060256392286,30615,1,1,0,363
530.85046611665712,30557,1,1,0,364
531.110327455468,30616,1,1,0,365
531.37018657918111,30645,1,1,0,366
531.63004348662173,30623,1,1,0,367
531.88989817661559,30603,1,1,0,368
532.14975064798807,30606,1,1,0,369
532.40960089956479,30635,1,1,0,370
532.6694489301716,30569,1,1,0,371
532.929294738634,30592,1,1,0,372
533.18913832377791,30590,1,1,0,373
533.44897968442888,30643,1,1,0,374
533.70881881941307,30617,1,1,0,375
533.9686557275561,30609,1,1,0,376
534.228490407684,30594,1,1,0,377
534.48832285862284,30633,1,1,0,378
534.74815307919857,30632,1,1,0,379
535.00798106823731,30641,1,1,0,380
535.267806824565,30651,1,1,0,381
535.52763034700808,30660,1,1,0,382
535.78745163439271,30664,1,1,0,383
536.04727068554507,30650,1,1,0,384
536.30708749929158,30640,1,1,0,385
536.56690207445843,30620,1,1,0,386
536.82671440987212,30603,1,1,0,387
537.08652450435932,30566,1,1,0,388
537.34633235674607,30604,1,1,0,389
537.60613796585938,30646,1,1,0,390
537.86594133052552,30565,1,1,0,391
538.12574244957125,30586,1,1,0,392
538.38554132182333,30572,1,1,0,393
538.64533794610838,30579,1,1,0,394
538.9051323212534,30609,1,1,0,395
539.16492444608491,30712,1,1,0,396
539.42471431943011,30639,1,1,0,397
539.68450194011575,30640,1,1,0,398
539.94428730696882,30625,1,1,0,399
540.20407041881629,30630,1,1,0,400
540.46385127448536,30620,1,1,0,401
540.723629872803,30645,1,1,0,402
540.98340621259661,30653,1,1,0,403
541.24318029269318,30627,1,1,0,404
541.50295211192019,30605,1,1,0,405
541.76272166910462,30603,1,1,0,406
542.02248896307412,30622,1,1,0,407
542.28225399265591,30580,1,1,0,408
542.54201675667753,30601,1,1,0,409
542.80177725396663,30638,1,1,0,410
543.06153548335055,30607,1,1,0,411
543.32129144365683,30625,1,1,0,412
543.58104513371336,30601,1,1,0,413
543.84079655234757,30620,1,1,0,414
544.10054569838746,30609,1,1,0,415
544.3602925706607,30581,1,1,0,416
544.62003716799506,30627,1,1,0,417
544.87977948921844,30631,1,1,0,418
545.13951953315882,30585,1,1,0,419
545.39925729864433,30610,1,1,0,420
545.65899278450263,30695,1,1,0,421
545.91872598956218,30666,1,1,0,422
546.17845691265074,30603,1,1,0,423
546.43818555259679,30645,1,1,0,424
546.69791190822832,30638,1,1,0,425
546.95763597837379,30671,1,1,0,426
547.21735776186154,30619,1,1,0,427
547.47707725751968,30607,1,1,0,428
547.7367944641768,30647,1,1,0,429
547.99650938066145,30609,1,1,0,430
548.25622200580187,30602,1,1,0,431
548.515932338427,30607,1,1,0,432
548.77564037736488,30601,1,1,0,433
549.03534612144472,30631,1,1,0,434
549.29504956949506,30681,1,1,0,435
549.55475072034449,30670,1,1,0,436
549.8144495728219,30640,1,1,0,437
550.07414612575622,30641,1,1,0,438
550.33384037797623,30608,1,1,0,439
550.59353232831108,30676,1,1,0,440
550.85322197558958,30676,1,1,0,441
551.11290931864073,30658,1,1,0,442
551.3725943562938,30719,1,1,0,443
551.6322770873777,30617,1,1,0,444
551.8919575107218,30651,1,1,0,445
552.15163562515534,30641,1,1,0,446
552.41131142950758,30646,1,1,0,447
552.67098492260777,30625,1,1,0,448
552.93065610328529,30644,1,1,0,449
553.19032497036983,30655,1,1,0,450
553.44999152269054,30633,1,1,0,451
553.70965575907712,30650,1,1,0,452
553.96931767835918,30610,1,1,0,453
554.22897727936618,30644,1,1,0,454
554.48863456092806,30640,1,1,0,455
554.74828952187431,30629,1,1,0,456
555.00794216103475,30631,1,1,0,457
555.26759247723919,30598,1,1,0,458
555.52724046931769,30649,1,1,0,459
555.78688613610007,30661,1,1,0,460
556.04652947641614,30592,1,1,0,461
556.30617048909608,30678,1,1,0,462
556.56580917297,30636,1,1,0,463
556.82544552686784,30653,1,1,0,464
557.08507954961988,30647,1,1,0,465
557.34471124005654,30636,1,1,0,466
557.60434059700776,30611,1,1,0,467
557.86396761930393,30616,1,1,0,468
558.12359230577545,30698,1,1,0,469
558.3832146552528,30623,1,1,0,470
558.64283466656639,30690,1,1,0,471
558.90245233854671,30661,1,1,0,472
559.16206767002427,30662,1,1,0,473
559.42168065982992,30673,1,1,0,474
559.68129130679415,30549,1,1,0,475
559.94089960974759,30630,1,1,0,476
560.2005055675213,30600,1,1,0,477
560.46010917894569,30621,1,1,0,478
560.71971044285169,30683,1,1,0,479
560.97930935807051,30681,1,1,0,480
561.23890592343287,30639,1,1,0,481
561.49850013777,30670,1,1,0,482
561.75809199991261,30671,1,1,0,483
562.01768150869214,30638,1,1,0,484
562.27726866293938,30690,1,1,0,485
562.53685346148586,30733,1,1,0,486
562.79643590316289,30648,1,1,0,487
563.05601598680141,30704,1,1,0,488
563.31559371123319,30712,1,1,0,489
563.57516907528941,30681,1,1,0,490
563.83474207780148,30687,1,1,0,491
564.09431271760093,30672,1,1,0,492
564.3538809935194,30714,1,1,0,493
564.61344690438852,30702,1,1,0,494
564.87301044903984,30744,1,1,0,495
565.13257162630521,30697,1,1,0,496
565.39213043501616,30684,1,1,0,497
565.65168687400467,30737,1,1,0,498
565.91124094210261,30744,1,1,0,499
566.17079263814185,30701,1,1,0,500
566.43034196095425,30737,1,1,0,501
566.6898889093718,30727,1,1,0,502
566.94943348222682,30678,1,1,0,503
567.20897567835129,30737,1,1,0,504
567.46851549657731,30731,1,1,0,505
567.72805293573686,30721,1,1,0,506
567.9875879946627,30770,1,1,0,507
568.24712067218672,30758,1,1,0,508
568.50665096714147,30779,1,1,0,509
568.76617887835937,30784,1,1,0,510
569.02570440467287,30741,1,1,0,511
569.28522754491439,30759,1,1,0,512
569.54474829791673,30824,1,1,0,513
569.80426666251208,30795,1,1,0,514
570.06378263753345,30777,1,1,0,515
570.32329622181328,30846,1,1,0,516
570.58280741418469,30768,1,1,0,517
570.84231621348022,30794,1,1,0,518
571.10182261853288,30746,1,1,0,519
571.36132662817533,30765,1,1,0,520
571.62082824124082,30874,1,1,0,521
571.88032745656233,30815,1,1,0,522
572.13982427297276,30825,1,1,0,523
572.39931868930535,30798,1,1,0,524
572.65881070439332,30832,1,1,0,525
572.91830031706968,30868,1,1,0,526
573.177787526168,30890,1,1,0,527
573.4372723305213,30927,1,1,0,528
573.69675472896313,30855,1,1,0,529
573.95623472032685,30870,1,1,0,530
574.21571230344591,30877,1,1,0,531
574.4751874771539,30947,1,1,0,532
574.73466024028437,30885,1,1,0,533
574.99413059167091,30922,1,1,0,534
575.25359853014731,30956,1,1,0,535
575.51306405454716,30939,1,1,0,536
575.77252716370424,31000,1,1,0,537
576.03198785645247,30992,1,1,0,538
576.29144613162578,31029,1,1,0,539
576.55090198805783,31034,1,1,0,540
576.81035542458289,31080,1,1,0,541
577.06980644003488,31078,1,1,0,542
577.32925503324793,31132,1,1,0,543
577.58870120305608,31150,1,1,0,544
577.84814494829379,31258,1,1,0,545
578.10758626779477,31294,1,1,0,546
578.36702516039384,31299,1,1,0,547
578.626461624925,31316,1,1,0,548
578.885895660223,31434,1,1,0,549
579.14532726512186,31371,1,1,0,550
579.40475643845627,31455,1,1,0,551
579.664183179061,31450,1,1,0,552
579.92360748577016,31423,1,1,0,553
580.18302935741883,31513,1,1,0,554
580.44244879284145,31632,1,1,0,555
580.701865790873,31680,1,1,0,556
580.961280350348,31532,1,1,0,557
581.22069247010165,31613,1,1,0,558
581.48010214896863,31643,1,1,0,559
581.73950938578389,31670,1,1,0,560
581.9989141793825,31616,1,1,0,561
582.25831652859961,31811,1,1,0,562
582.51771643227016,31944,1,1,0,563
582.77711388922944,32025,1,1,0,564
583.03650889831272,32032,1,1,0,565
583.295901458355,32147,1,1,0,566
583.55529156819193,32130,1,1,0,567
583.81467922665877,32417,1,1,0,568
584.07406443259083,32483,1,1,0,569
584.33344718482363,32469,1,1,0,570
584.59282748219289,32685,1,1,0,571
584.852205323534,32948,1,1,0,572
585.11158070768261,33078,1,1,0,573
585.37095363347441,33121,1,1,0,574
585.63032409974528,33266,1,1,0,575
585.88969210533082,33186,1,1,0,576
586.14905764906689,33357,1,1,0,577
586.40842072978944,33340,1,1,0,578
586.66778134633444,33505,1,1,0,579
586.92713949753806,33603,1,1,0,580
587.186495182236,33805,1,1,0,581
587.44584839926449,33599,1,1,0,582
587.70519914745978,33864,1,1,0,583
587.964547425658,33713,1,1,0,584
588.22389323269533,33821,1,1,0,585
588.4832365674082,33624,1,1,0,586
588.742577428633,33500,1,1,0,587
589.00191581520608,33609,1,1,0,588
589.26125172596392,33499,1,1,0,589
589.52058515974306,33393,1,1,0,590
589.77991611538,33287,1,1,0,591
590.03924459171151,33309,1,1,0,592
590.2985705875742,33365,1,1,0,593
590.55789410180478,33269,1,1,0,594
590.81721513324,33272,1,1,0,595
591.07653368071669,33421,1,1,0,596
591.33584974307178,33210,1,1,0,597
591.59516331914233,33045,1,1,0,598
591.85447440776511,33022,1,1,0,599
592.11378300777733,32917,1,1,0,600
592.37308911801608,32834,1,1,0,601
592.63239273731836,33045,1,1,0,602
592.89169386452159,32720,1,1,0,603
593.15099249846287,32887,1,1,0,604
593.41028863797965,32841,1,1,0,605
593.66958228190913,32790,1,1,0,606
593.92887342908887,32775,1,1,0,607
594.18816207835619,32942,1,1,0,608
594.44744822854886,32808,1,1,0,609
594.70673187850412,32661,1,1,0,610
594.96601302705972,32833,1,1,0,611
595.22529167305345,32892,1,1,0,612
595.48456781532309,32710,1,1,0,613
595.74384145270619,32701,1,1,0,614
596.00311258404088,32773,1,1,0,615
596.26238120816481,32697,1,1,0,616
596.52164732391611,32649,1,1,0,617
596.78091093013245,32653,1,1,0,618
597.0401720256524,32572,1,1,0,619
597.2994306093135,32475,1,1,0,620
597.55868667995435,32404,1,1,0,621
597.817940236413,32363,1,1,0,622
598.07719127752773,32358,1,1,0,623
598.336439802137,32309,1,1,0,624
598.59568580907876,32166,1,1,0,625
598.8549292971918,32208,1,1,0,626
599.11417026531456,32082,1,1,0,627
599.37340871228537,32133,1,1,0,628
599.63264463694316,32062,1,1,0,629
599.89187803812615,31871,1,1,0,630
600.15110891467339,31930,1,1,0,631
600.41033726542355,31957,1,1,0,632
600.66956308921533,31975,1,1,0,633
600.92878638488764,31760,1,1,0,634
601.18800715127929,31757,1,1,0,635
601.44722538722942,31880,1,1,0,636
601.70644109157683,31896,1,1,0,637
601.9656542631609,31788,1,1,0,638
602.22486490082042,31836,1,1,0,639
602.48407300339466,31724,1,1,0,640
602.74327856972286,31699,1,1,0,641
603.00248159864464,31710,1,1,0,642
603.26168208899867,31643,1,1,0,643
603.5208800396249,31700,1,1,0,644
603.78007544936236,31658,1,1,0,645
604.039268317051,31646,1,1,0,646
604.29845864153015,31609,1,1,0,647
604.55764642163922,31650,1,1,0,648
604.81683165621814,31677,1,1,0,649
605.07601434410662,31691,1,1,0,650
605.33519448414415,31580,1,1,0,651
605.59437207517078,31620,1,1,0,652
605.85354711602645,31557,1,1,0,653
606.112719605551,31539,1,1,0,654
606.37188954258431,31574,1,1,0,655
606.6310569259665,31533,1,1,0,656
606.89022175453772,31588,1,1,0,657
607.149384027138,31512,1,1,0,658
607.40854374260766,31415,1,1,0,659
607.667700899787,31360,1,1,0,660
607.926855497516,31385,1,1,0,661
608.18600753463545,31390,1,1,0,662
608.44515700998534,31424,1,1,0,663
608.70430392240667,31409,1,1,0,664
608.96344827073949,31308,1,1,0,665
609.22259005382455,31339,1,1,0,666
609.48172927050246,31273,1,1,0,667
609.74086591961407,31282,1,1,0,668
609.99999999999989,31274,1,1,0,669
610.25913151050088,31330,1,1,0,670
610.51826044995778,31268,1,1,0,671
610.77738681721166,31185,1,1,0,672
611.03651061110327,31176,1,1,0,673
611.29563183047378,31275,1,1,0,674
611.55475047416417,31239,1,1,0,675
611.81386654101561,31262,1,1,0,676
612.07298002986931,31243,1,1,0,677
612.33209093956646,31220,1,1,0,678
612.59119926894823,31207,1,1,0,679
612.85030501685617,31167,1,1,0,680
613.10940818213169,31169,1,1,0,681
613.36850876361609,31175,1,1,0,682
613.62760676015091,31180,1,1,0,683
613.88670217057779,31159,1,1,0,684
614.14579499373826,31163,1,1,0,685
614.40488522847409,31175,1,1,0,686
614.6639728736269,31138,1,1,0,687
614.92305792803859,31127,1,1,0,688
615.1821403905509,31153,1,1,0,689
615.44122026000559,31106,1,1,0,690
615.700297535245,31101,1,1,0,691
615.95937221511076,31068,1,1,0,692
616.21844429844521,31150,1,1,0,693
616.47751378409021,31134,1,1,0,694
616.73658067088809,31125,1,1,0,695
616.99564495768107,31080,1,1,0,696
617.25470664331147,31141,1,1,0,697
617.51376572662127,31135,1,1,0,698
617.77282220645327,31165,1,1,0,699
618.03187608164978,31091,1,1,0,700
618.29092735105326,31083,1,1,0,701
618.54997601350624,31110,1,1,0,702
618.8090220678514,31144,1,1,0,703
619.06806551293141,31101,1,1,0,704
619.32710634758894,31131,1,1,0,705
619.58614457066687,31053,1,1,0,706
619.84518018100789,31088,1,1,0,707
620.10421317745488,31080,1,1,0,708
620.36324355885108,31054,1,1,0,709
620.622271324039,31102,1,1,0,710
620.881296471862,31218,1,1,0,711
621.14031900116322,31043,1,1,0,712
621.39933891078579,31097,1,1,0,713
621.65835619957272,31162,1,1,0,714
621.91737086636749,31141,1,1,0,715
622.17638291001344,31171,1,1,0,716
622.43539232935393,31157,1,1,0,717
622.69439912323219,31174,1,1,0,718
622.95340329049213,31193,1,1,0,719
623.21240482997678,31167,1,1,0,720
623.47140374053026,31187,1,1,0,721
623.73040002099606,31262,1,1,0,722
623.98939367021774,31237,1,1,0,723
624.24838468703922,31192,1,1,0,724
624.50737307030442,31181,1,1,0,725
624.76635881885693,31181,1,1,0,726
625.02534193154088,31256,1,1,0,727
625.28432240720031,31187,1,1,0,728
625.54330024467936,31185,1,1,0,729
625.80227544282184,31314,1,1,0,730
626.06124800047223,31251,1,1,0,731
626.32021791647458,31255,1,1,0,732
626.57918518967313,31233,1,1,0,733
626.83814981891237,31298,1,1,0,734
627.09711180303657,31341,1,1,0,735
627.35607114089032,31385,1,1,0,736
627.61502783131789,31376,1,1,0,737
627.873981873164,31349,1,1,0,738
628.13293326527332,31458,1,1,0,739
628.3918820064905,31414,1,1,0,740
628.65082809566013,31440,1,1,0,741
628.909771531627,31430,1,1,0,742
629.16871231323614,31444,1,1,0,743
629.4276504393323,31499,1,1,0,744
629.68658590876055,31592,1,1,0,745
629.94551872036573,31719,1,1,0,746
630.204448872993,31632,1,1,0,747
630.46337636548765,31587,1,1,0,748
630.72230119669462,31664,1,1,0,749
630.98122336545919,31709,1,1,0,750
631.24014287062664,31831,1,1,0,751
631.49905971104238,31783,1,1,0,752
631.757973885552,31881,1,1,0,753
632.01688539300062,31773,1,1,0,754
632.27579423223392,31853,1,1,0,755
632.53470040209743,31869,1,1,0,756
632.79360390143677,31897,1,1,0,757
633.05250472909768,32073,1,1,0,758
633.311402883926,32143,1,1,0,759
633.57029836476738,31927,1,1,0,760
633.82919117046788,32092,1,1,0,761
634.08808129987312,32107,1,1,0,762
634.34696875182919,32008,1,1,0,763
634.60585352518228,31995,1,1,0,764
634.86473561877835,32045,1,1,0,765
635.12361503146337,32118,1,1,0,766
635.382491762084,32065,1,1,0,767
635.641365809486,32045,1,1,0,768
635.900237172516,31986,1,1,0,769
636.15910585002018,32070,1,1,0,770
636.4179718408451,32059,1,1,0,771
636.67683514383714,31968,1,1,0,772
636.935695757843,32000,1,1,0,773
637.19455368170918,31961,1,1,0,774
637.45340891428236,31997,1,1,0,775
637.71226145440914,32034,1,1,0,776
637.97111130093663,31986,1,1,0,777
638.22995845271123,31938,1,1,0,778
638.48880290858,31900,1,1,0,779
638.74764466738986,31946,1,1,0,780
639.006483727988,32044,1,1,0,781
639.26532008922129,31940,1,1,0,782
639.52415374993677,32007,1,1,0,783
639.78298470898187,31993,1,1,0,784
640.04181296520346,31875,1,1,0,785
640.30063851744922,31814,1,1,0,786
640.55946136456623,31968,1,1,0,787
640.818281505402,31957,1,1,0,788
641.07709893880394,31919,1,1,0,789
641.33591366361952,31842,1,1,0,790
641.59472567869659,32086,1,1,0,791
641.85353498288237,32009,1,1,0,792
642.11234157502486,32021,1,1,0,793
642.37114545397174,31946,1,1,0,794
642.62994661857067,31946,1,1,0,795
642.88874506766956,32144,1,1,0,796
643.14754080011653,32046,1,1,0,797
643.40633381475948,31973,1,1,0,798
643.66512411044619,31939,1,1,0,799
643.92391168602512,31891,1,1,0,800
644.18269654034418,32034,1,1,0,801
644.44147867225149,32076,1,1,0,802
644.70025808059552,32029,1,1,0,803
644.95903476422473,32004,1,1,0,804
645.21780872198713,32024,1,1,0,805
645.47657995273141,31907,1,1,0,806
645.73534845530594,32066,1,1,0,807
645.9941142285594,31867,1,1,0,808
646.25287727134048,31653,1,1,0,809
646.51163758249743,31845,1,1,0,810
646.7703951608795,31731,1,1,0,811
647.029150005335,31632,1,1,0,812
647.28790211471323,31808,1,1,0,813
647.54665148786285,31653,1,1,0,814
647.80539812363281,31674,1,1,0,815
648.06414202087217,31656,1,1,0,816
648.32288317843,31620,1,1,0,817
648.5816215951553,31613,1,1,0,818
648.84035726989759,31583,1,1,0,819
649.099090201506,31560,1,1,0,820
649.35782038882962,31568,1,1,0,821
649.616547830718,31558,1,1,0,822
649.87527252602058,31594,1,1,0,823
650.133994473587,31470,1,1,0,824
650.39271367226638,31574,1,1,0,825
650.65143012090869,31581,1,1,0,826
650.91014381836339,31491,1,1,0,827
651.16885476348034,31545,1,1,0,828
651.42756295510912,31424,1,1,0,829
651.68626839209981,31423,1,1,0,830
651.94497107330221,31442,1,1,0,831
652.20367099756629,31396,1,1,0,832
652.46236816374187,31378,1,1,0,833
652.72106257067935,31400,1,1,0,834
652.97975421722856,31424,1,1,0,835
653.23844310223978,31414,1,1,0,836
653.49712922456342,31433,1,1,0,837
653.75581258304976,31374,1,1,0,838
654.01449317654885,31453,1,1,0,839
654.27317100391133,31370,1,1,0,840
654.53184606398781,31296,1,1,0,841
654.79051835562859,31262,1,1,0,842
655.04918787768452,31338,1,1,0,843
655.307854629006,31360,1,1,0,844
655.56651860844386,31336,1,1,0,845
655.825179814849,31321,1,1,0,846
656.083838247072,31329,1,1,0,847
656.34249390396394,31285,1,1,0,848
656.6011467843756,31274,1,1,0,849
656.85979688715827,31227,1,1,0,850
657.1184442111628,31180,1,1,0,851
657.37708875524038,31235,1,1,0,852
657.63573051824221,31226,1,1,0,853
657.89436949901949,31227,1,1,0,854
658.15300569642363,31200,1,1,0,855
658.411639109306,31206,1,1,0,856
658.67026973651764,31142,1,1,0,857
658.92889757691057,31159,1,1,0,858
659.18752262933606,31142,1,1,0,859
659.44614489264586,31091,1,1,0,860
659.70476436569152,31167,1,1,0,861
659.96338104732467,31086,1,1,0,862
660.22199493639732,31130,1,1,0,863
660.48060603176111,31149,1,1,0,864
660.739214332268,30999,1,1,0,865
660.99781983677,31158,1,1,0,866
661.25642254411912,31098,1,1,0,867
661.51502245316738,31021,1,1,0,868
661.773619562767,31149,1,1,0,869
662.03221387177007,31127,1,1,0,870
662.29080537902882,31082,1,1,0,871
662.54939408339578,31103,1,1,0,872
662.80797998372316,31062,1,1,0,873
663.06656307886351,31062,1,1,0,874
663.325143367669,31005,1,1,0,875
663.5837208489927,31018,1,1,0,876
663.84229552168688,31053,1,1,0,877
664.10086738460416,31061,1,1,0,878
664.35943643659732,31048,1,1,0,879
664.6180026765195,31001,1,1,0,880
664.87656610322313,31038,1,1,0,881
665.13512671556111,31014,1,1,0,882
665.39368451238681,31060,1,1,0,883
665.652239492553,31047,1,1,0,884
665.91079165491271,31047,1,1,0,885
666.16934099831917,31021,1,1,0,886
666.42788752162573,30955,1,1,0,887
666.68643122368542,30969,1,1,0,888
666.94497210335169,31030,1,1,0,889
667.2035101594779,30946,1,1,0,890
667.46204539091764,31013,1,1,0,891
667.720577796524,30968,1,1,0,892
667.97910737515122,30987,1,1,0,893
668.23763412565245,31010,1,1,0,894
668.49615804688131,30986,1,1,0,895
668.75467913769194,30925,1,1,0,896
669.01319739693793,30978,1,1,0,897
669.27171282347308,30942,1,1,0,898
669.53022541615155,30943,1,1,0,899
669.78873517382715,30966,1,1,0,900
670.04724209535391,30941,1,1,0,901
670.30574617958609,30959,1,1,0,902
670.56424742537774,30970,1,1,0,903
670.82274583158312,30862,1,1,0,904
671.0812413970566,30980,1,1,0,905
671.33973412065245,30924,1,1,0,906
671.59822400122516,30888,1,1,0,907
671.856711037629,30917,1,1,0,908
672.11519522871879,30861,1,1,0,909
672.37367657334892,30925,1,1,0,910
672.63215507037432,30890,1,1,0,911
672.89063071864928,30941,1,1,0,912
673.14910351702883,30916,1,1,0,913
673.40757346436794,30949,1,1,0,914
673.66604055952121,30924,1,1,0,915
673.92450480134391,30914,1,1,0,916
674.18296618869078,31014,1,1,0,917
674.44142472041688,30944,1,1,0,918
674.6998803953777,30935,1,1,0,919
674.95833321242822,30932,1,1,0,920
675.21678317042358,30828,1,1,0,921
675.47523026821921,30914,1,1,0,922
675.73367450467072,30925,1,1,0,923
675.99211587863329,30958,1,1,0,924
676.25055438896231,30916,1,1,0,925
676.50899003451366,30989,1,1,0,926
676.76742281414283,30970,1,1,0,927
677.02585272670558,30941,1,1,0,928
677.28427977105764,30914,1,1,0,929
677.54270394605453,30912,1,1,0,930
677.80112525055245,30971,1,1,0,931
678.05954368340736,30937,1,1,0,932
678.317959243475,30904,1,1,0,933
678.5763719296117,30939,1,1,0,934
678.83478174067329,30893,1,1,0,935
679.0931886755161,30964,1,1,0,936
679.35159273299655,30907,1,1,0,937
679.60999391197061,30919,1,1,0,938
679.8683922112948,30907,1,1,0,939
680.12678762982557,30906,1,1,0,940
680.38518016641922,30865,1,1,0,941
680.64356981993262,30907,1,1,0,942
680.9019565892221,30879,1,1,0,943
681.1603404731444,30977,1,1,0,944
681.41872147055619,30960,1,1,0,945
681.67709958031446,30897,1,1,0,946
681.93547480127586,30902,1,1,0,947
682.19384713229738,30931,1,1,0,948
682.452216572236,30960,1,1,0,949
682.71058311994886,30982,1,1,0,950
682.9689467742927,30973,1,1,0,951
683.227307534125,30970,1,1,0,952
683.485665398303,30944,1,1,0,953
683.74402036568381,30967,1,1,0,954
684.00237243512481,30966,1,1,0,955
684.26072160548347,30963,1,1,0,956
684.51906787561722,30942,1,1,0,957
684.77741124438353,30955,1,1,0,958
685.03575171064,30950,1,1,0,959
685.29408927324448,30999,1,1,0,960
685.55242393105448,30950,1,1,0,961
685.81075568292772,30989,1,1,0,962
686.06908452772234,30952,1,1,0,963
686.32741046429578,31034,1,1,0,964
686.5857334915064,30926,1,1,0,965
686.84405360821211,30981,1,1,0,966
687.10237081327091,31000,1,1,0,967
687.36068510554094,31005,1,1,0,968
687.61899648388055,30973,1,1,0,969
687.87730494714788,31002,1,1,0,970
688.13561049420139,30982,1,1,0,971
688.39391312389921,30996,1,1,0,972
688.65221283510016,31014,1,1,0,973
688.91050962666236,31034,1,1,0,974
689.16880349744474,31043,1,1,0,975
689.42709444630577,31027,1,1,0,976
689.68538247210427,31041,1,1,0,977
689.94366757369869,31024,1,1,0,978
690.2019497499482,31077,1,1,0,979
690.4602289997116,31042,1,1,0,980
690.71850532184794,31053,1,1,0,981
690.976778715216,31013,1,1,0,982
691.2350491786749,31006,1,1,0,983
691.49331671108393,31032,1,1,0,984
691.751581311302,30938,1,1,0,985
692.00984297818889,31031,1,1,0,986
692.26810171060367,31037,1,1,0,987
692.52635750740535,31036,1,1,0,988
692.78461036745364,31056,1,1,0,989
693.04286028960848,30992,1,1,0,990
693.30110727272893,31018,1,1,0,991
693.5593513156748,31037,1,1,0,992
693.81759241730572,31026,1,1,0,993
694.07583057648139,30988,1,1,0,994
694.33406579206212,31025,1,1,0,995
694.59229806290739,31007,1,1,0,996
694.8505273878767,30986,1,1,0,997
695.10875376583112,30968,1,1,0,998
695.36697719562983,31043,1,1,0,999
695.62519767613333,31084,1,1,0,1000
695.88341520620179,31025,1,1,0,1001
696.14162978469562,30993,1,1,0,1002
696.399841410475,30943,1,1,0,1003
696.65805008240011,30983,1,1,0,1004
696.91625579933179,31096,1,1,0,1005
697.17445856013046,31069,1,1,0,1006
697.4326583636564,31000,1,1,0,1007
697.6908552087707,30972,1,1,0,1008
697.94904909433376,31062,1,1,0,1009
698.20724001920632,30878,1,1,0,1010
698.46542798224925,30998,1,1,0,1011
698.72361298232363,31050,1,1,0,1012
698.98179501829031,30978,1,1,0,1013
699.23997408901027,31096,1,1,0,1014
699.49815019334449,30992,1,1,0,1015
699.75632333015449,31057,1,1,0,1016
700.014493498301,31088,1,1,0,1017
700.27266069664552,31049,1,1,0,1018
700.5308249240494,31048,1,1,0,1019
700.78898617937409,31006,1,1,0,1020
701.047144461481,31045,1,1,0,1021
701.30529976923151,30983,1,1,0,1022
701.56345210148766,30988,1,1,0,1023
701.82160145711032,31031,1,1,0,1024
702.07974783496206,31010,1,1,0,1025
702.33789123390386,30971,1,1,0,1026
702.59603165279816,31007,1,1,0,1027
702.85416909050662,31052,1,1,0,1028
703.11230354589145,30965,1,1,0,1029
703.37043501781409,30962,1,1,0,1030
703.62856350513721,31046,1,1,0,1031
703.88668900672269,30970,1,1,0,1032
704.144811521433,31023,1,1,0,1033
704.40293104813,31020,1,1,0,1034
704.66104758567644,31000,1,1,0,1035
704.91916113293473,31023,1,1,0,1036
705.17727168876706,30982,1,1,0,1037
705.43537925203611,30942,1,1,0,1038
705.69348382160445,31017,1,1,0,1039
705.951585396335,30983,1,1,0,1040
706.20968397509,30956,1,1,0,1041
706.46777955673258,30992,1,1,0,1042
706.7258721401256,30993,1,1,0,1043
706.983961724132,30926,1,1,0,1044
707.24204830761437,30980,1,1,0,1045
707.50013188943626,30977,1,1,0,1046
707.75821246846067,30989,1,1,0,1047
708.0162900435505,30956,1,1,0,1048
708.27436461356945,30968,1,1,0,1049
708.53243617738019,30978,1,1,0,1050
708.79050473384666,30950,1,1,0,1051
709.0485702818321,30944,1,1,0,1052
709.30663282019987,30933,1,1,0,1053
709.56469234781366,30914,1,1,0,1054
709.8227488635373,30974,1,1,0,1055
710.080802366234,30960,1,1,0,1056
710.338852854768,30968,1,1,0,1057
710.59690032800279,30966,1,1,0,1058
710.85494478480234,30975,1,1,0,1059
711.11298622403046,30947,1,1,0,1060
711.37102464455154,30901,1,1,0,1061
711.62906004522927,31016,1,1,0,1062
711.887092424928,30956,1,1,0,1063
712.14512178251186,30994,1,1,0,1064
712.40314811684493,30906,1,1,0,1065
712.66117142679207,30920,1,1,0,1066
712.919191711217,30916,1,1,0,1067
713.17720896898459,30859,1,1,0,1068
713.43522319895953,30943,1,1,0,1069
713.693234400006,30950,1,1,0,1070
713.95124257098882,30909,1,1,0,1071
714.20924771077262,30935,1,1,0,1072
714.46724981822217,30930,1,1,0,1073
714.72524889220256,30935,1,1,0,1074
714.9832449315785,30956,1,1,0,1075
715.241237935215,30928,1,1,0,1076
715.499227901977,30931,1,1,0,1077
715.75721483072971,30924,1,1,0,1078
716.01519872033862,30945,1,1,0,1079
716.27317956966829,30913,1,1,0,1080
716.53115737758435,30903,1,1,0,1081
716.78913214295221,30914,1,1,0,1082
717.04710386463739,30964,1,1,0,1083
717.30507254150518,30955,1,1,0,1084
717.5630381724211,30899,1,1,0,1085
717.82100075625112,30935,1,1,0,1086
718.07896029186031,30891,1,1,0,1087
718.3369167781151,30890,1,1,0,1088
718.59487021388077,30945,1,1,0,1089
718.85282059802341,30891,1,1,0,1090
719.11076792940923,30857,1,1,0,1091
719.36871220690387,30911,1,1,0,1092
719.6266534293735,30869,1,1,0,1093
719.88459159568424,30876,1,1,0,1094
720.14252670470239,30877,1,1,0,1095
720.40045875529393,30834,1,1,0,1096
720.65838774632562,30911,1,1,0,1097
720.91631367666366,30933,1,1,0,1098
721.17423654517438,30891,1,1,0,1099
721.43215635072465,30873,1,1,0,1100
721.69007309218068,30855,1,1,0,1101
721.94798676840958,30892,1,1,0,1102
722.20589737827765,30915,1,1,0,1103
722.46380492065191,30902,1,1,0,1104
722.72170939439889,30858,1,1,0,1105
722.97961079838592,30845,1,1,0,1106
723.23750913147967,30863,1,1,0,1107
723.49540439254758,30864,1,1,0,1108
723.75329658045644,30867,1,1,0,1109
724.01118569407345,30848,1,1,0,1110
724.26907173226607,30861,1,1,0,1111
724.5269546939013,30850,1,1,0,1112
724.78483457784682,30819,1,1,0,1113
725.04271138297,30873,1,1,0,1114
725.30058510813831,30826,1,1,0,1115
725.558455752219,30874,1,1,0,1116
725.81632331408036,30847,1,1,0,1117
726.07418779258956,30847,1,1,0,1118
726.33204918661477,30840,1,1,0,1119
726.58990749502345,30916,1,1,0,1120
726.84776271668363,30857,1,1,0,1121
727.10561485046344,30883,1,1,0,1122
727.36346389523078,30934,1,1,0,1123
727.62130984985379,30796,1,1,0,1124
727.87915271320048,30873,1,1,0,1125
728.13699248413934,30856,1,1,0,1126
728.39482916153838,30821,1,1,0,1127
728.65266274426619,30874,1,1,0,1128
728.91049323119114,30849,1,1,0,1129
729.16832062118169,30869,1,1,0,1130
729.42614491310644,30849,1,1,0,1131
729.683966105834,30844,1,1,0,1132
729.94178419823288,30834,1,1,0,1133
730.19959918917232,30796,1,1,0,1134
730.45741107752065,30861,1,1,0,1135
730.715219862147,30859,1,1,0,1136
730.97302554192026,30840,1,1,0,1137
731.2308281157093,30764,1,1,0,1138
731.48862758238363,30853,1,1,0,1139
731.746423940812,30872,1,1,0,1140
732.00421718986365,30780,1,1,0,1141
732.26200732840812,30897,1,1,0,1142
732.51979435531473,30823,1,1,0,1143
732.77757826945253,30871,1,1,0,1144
733.03535906969148,30906,1,1,0,1145
733.29313675490084,30825,1,1,0,1146
733.55091132395023,30900,1,1,0,1147
733.8086827757096,30857,1,1,0,1148
734.06645110904833,30867,1,1,0,1149
734.32421632283661,30875,1,1,0,1150
734.58197841594369,30850,1,1,0,1151
734.83973738724023,30783,1,1,0,1152
735.09749323559606,30779,1,1,0,1153
735.35524595988113,30839,1,1,0,1154
735.61299555896562,30782,1,1,0,1155
735.8707420317196,30841,1,1,0,1156
736.12848537701359,30846,1,1,0,1157
736.38622559371777,30792,1,1,0,1158
736.64396268070277,30882,1,1,0,1159
736.90169663683866,30839,1,1,0,1160
737.15942746099643,30808,1,1,0,1161
737.41715515204646,30846,1,1,0,1162
737.67487970885952,30835,1,1,0,1163
737.93260113030635,30907,1,1,0,1164
738.1903194152577,30891,1,1,0,1165
738.44803456258433,30848,1,1,0,1166
738.70574657115753,30863,1,1,0,1167
738.963455439848,30813,1,1,0,1168
739.221161167527,30847,1,1,0,1169
739.47886375306564,30853,1,1,0,1170
739.73656319533518,30839,1,1,0,1171
739.99425949320653,30858,1,1,0,1172
740.25195264555168,30873,1,1,0,1173
740.50964265124128,30828,1,1,0,1174
740.76732950914732,30850,1,1,0,1175
741.02501321814157,30849,1,1,0,1176
741.28269377709523,30834,1,1,0,1177
741.54037118487986,30919,1,1,0,1178
741.79804544036756,30856,1,1,0,1179
742.05571654243,30771,1,1,0,1180
742.31338448993915,30826,1,1,0,1181
742.5710492817667,30834,1,1,0,1182
742.82871091678487,30877,1,1,0,1183
743.08636939386588,30858,1,1,0,1184
743.3440247118815,30850,1,1,0,1185
743.60167686970419,30869,1,1,0,1186
743.85932586620652,30811,1,1,0,1187
744.11697170026014,30825,1,1,0,1188
744.3746143707383,30876,1,1,0,1189
744.63225387651266,30866,1,1,0,1190
744.88989021645637,30806,1,1,0,1191
745.14752338944174,30855,1,1,0,1192
745.40515339434182,30858,1,1,0,1193
745.66278023002872,30828,1,1,0,1194
745.920403895376,30827,1,1,0,1195
746.17802438925594,30842,1,1,0,1196
746.43564171054186,30795,1,1,0,1197
746.69325585810668,30807,1,1,0,1198
746.95086683082377,30856,1,1,0,1199
747.20847462756569,30839,1,1,0,1200
747.466079247206,30867,1,1,0,1201
747.72368068861829,30808,1,1,0,1202
747.98127895067535,30829,1,1,0,1203
748.238874032251,30877,1,1,0,1204
748.4964659322186,30887,1,1,0,1205
748.75405464945186,30942,1,1,0,1206
749.011640182824,30815,1,1,0,1207
749.26922253120927,30848,1,1,0,1208
749.52680169348127,30906,1,1,0,1209
749.78437766851357,30830,1,1,0,1210
750.04195045518031,30838,1,1,0,1211
750.29952005235543,30904,1,1,0,1212
750.55708645891309,30858,1,1,0,1213
750.81464967372688,30811,1,1,0,1214
751.07220969567186,30890,1,1,0,1215
751.32976652362152,30814,1,1,0,1216
751.58732015645035,30817,1,1,0,1217
751.84487059303274,30849,1,1,0,1218
752.10241783224353,30811,1,1,0,1219
752.35996187295655,30853,1,1,0,1220
752.61750271404674,30857,1,1,0,1221
752.87504035438906,30819,1,1,0,1222
753.13257479285789,30812,1,1,0,1223
753.39010602832775,30809,1,1,0,1224
753.64763405967415,30797,1,1,0,1225
753.90515888577136,30877,1,1,0,1226
754.16268050549479,30849,1,1,0,1227
754.42019891771929,30868,1,1,0,1228
754.67771412132038,30867,1,1,0,1229
754.93522611517244,30865,1,1,0,1230
755.19273489815168,30814,1,1,0,1231
755.45024046913284,30856,1,1,0,1232
755.70774282699153,30878,1,1,0,1233
755.965241970603,30921,1,1,0,1234
756.22273789884309,30856,1,1,0,1235
756.48023061058723,30837,1,1,0,1236
756.73772010471123,30824,1,1,0,1237
756.99520638009074,30802,1,1,0,1238
757.2526894356015,30826,1,1,0,1239
757.51016927011972,30818,1,1,0,1240
757.76764588252081,30849,1,1,0,1241
758.025119271681,30810,1,1,0,1242
758.28258943647666,30806,1,1,0,1243
758.54005637578371,30856,1,1,0,1244
758.79752008847822,30830,1,1,0,1245
759.05498057343664,30890,1,1,0,1246
759.31243782953561,30820,1,1,0,1247
759.56989185565112,30890,1,1,0,1248
759.82734265065972,30838,1,1,0,1249
760.0847902134384,30846,1,1,0,1250
760.34223454286314,30859,1,1,0,1251
760.59967563781106,30856,1,1,0,1252
760.857113497159,30887,1,1,0,1253
761.11454811978365,30869,1,1,0,1254
761.37197950456175,30798,1,1,0,1255
761.62940765037069,30833,1,1,0,1256
761.88683255608726,30835,1,1,0,1257
762.14425422058832,30878,1,1,0,1258
762.40167264275146,30850,1,1,0,1259
762.659087821454,30811,1,1,0,1260
762.91649975557289,30838,1,1,0,1261
763.17390844398574,30832,1,1,0,1262
763.43131388556992,30810,1,1,0,1263
763.68871607920312,30806,1,1,0,1264
763.94611502376279,30863,1,1,0,1265
764.20351071812672,30830,1,1,0,1266
764.46090316117227,30872,1,1,0,1267
764.71829235177779,30921,1,1,0,1268
764.97567828882063,30821,1,1,0,1269
765.23306097117938,30917,1,1,0,1270
765.49044039773162,30803,1,1,0,1271
765.74781656735536,30837,1,1,0,1272
766.00518947892863,30855,1,1,0,1273
766.26255913133025,30869,1,1,0,1274
766.519925523438,30854,1,1,0,1275
766.77728865413076,30899,1,1,0,1276
767.03464852228626,30798,1,1,0,1277
767.29200512678324,30861,1,1,0,1278
767.54935846650073,30800,1,1,0,1279
767.80670854031678,30816,1,1,0,1280
768.06405534711041,30851,1,1,0,1281
768.32139888576012,30825,1,1,0,1282
768.57873915514517,30820,1,1,0,1283
768.836076154144,30848,1,1,0,1284
769.093409881636,30789,1,1,0,1285
769.3507403365,30785,1,1,0,1286
769.60806751761538,30878,1,1,0,1287
769.86539142386084,30861,1,1,0,1288
770.122712054116,30805,1,1,0,1289
770.38002940726028,30858,1,1,0,1290
770.63734348217292,30827,1,1,0,1291
770.89465427773325,30805,1,1,0,1292
771.15196179282111,30819,1,1,0,1293
771.409266026316,30903,1,1,0,1294
771.66656697709743,30890,1,1,0,1295
771.92386464404535,30844,1,1,0,1296
772.18115902603938,30816,1,1,0,1297
772.4384501219597,30873,1,1,0,1298
772.69573793068594,30850,1,1,0,1299
772.95302245109849,30815,1,1,0,1300
773.21030368207721,30863,1,1,0,1301
773.46758162250228,30822,1,1,0,1302
773.724856271254,30874,1,1,0,1303
773.98212762721266,30836,1,1,0,1304
774.23939568925857,30798,1,1,0,1305
774.49666045627214,30842,1,1,0,1306
774.75392192713434,30837,1,1,0,1307
775.01118010072514,30802,1,1,0,1308
775.26843497592552,30868,1,1,0,1309
775.52568655161622,30845,1,1,0,1310
775.78293482667777,30816,1,1,0,1311
776.04017979999162,30860,1,1,0,1312
776.29742147043828,30868,1,1,0,1313
776.55465983689851,30850,1,1,0,1314
776.81189489825385,30910,1,1,0,1315
777.06912665338541,30891,1,1,0,1316
777.326355101174,30827,1,1,0,1317
777.58358024050165,30889,1,1,0,1318
777.84080207024874,30796,1,1,0,1319
778.09802058929779,30841,1,1,0,1320
778.35523579652943,30860,1,1,0,1321
778.61244769082555,30908,1,1,0,1322
778.86965627106792,30913,1,1,0,1323
779.126861536138,30846,1,1,0,1324
